{
    "accuracy": 0.6,
    "precision": 0.6,
    "recall": 1.0,
    "f1": 0.7499999999999999,
    "auc": 0.7233333333333334,
    "confusion_matrix": [
        [
            0,
            40
        ],
        [
            0,
            60
        ]
    ]
}